METRIC,POLICY,FACTOR,COUNT,MEAN_SCORE,MIN_SCORE,MAX_SCORE,MEAN_CONFIDENCE,TOP_POLICY_COUNT,CLOSE_SCORE_SLOPE_COUNT,NO_CONFIDENT_INTERVENTION_COUNT
policy_summary,shotcrete,,36431,24.56,0.0,100.0,31.16,1694,25760,26815
policy_summary,geometry,,36431,9.66,0.0,100.0,31.51,1404,25760,26815
policy_summary,drainage,,36431,29.99,0.0,50.0,9.0,6045,25760,26815
policy_summary,jute,,36431,30.81,0.0,98.86,34.01,20195,25760,26815
policy_summary,wall,,36431,26.61,0.0,100.0,15.22,7093,25760,26815
missing_factor,ALL,SOURCE_AREA_HA_MAX,98301,,,,,,,
missing_factor,ALL,MATERIAL_CLASS,72862,,,,,,,
missing_factor,ALL,DIST_BUILDING,72862,,,,,,,
missing_factor,ALL,RELIEF,58288,,,,,,,
missing_factor,ALL,S_P90,43716,,,,,,,
missing_factor,ALL,VEG_COVER_PCT,36431,,,,,,,
missing_factor,ALL,TOE_CONSTRUCTABILITY,36431,,,,,,,
missing_factor,ALL,FLOWACC_P90,36431,,,,,,,
missing_factor,ALL,TWI_P90,36431,,,,,,,
missing_factor,ALL,DIST_TO_CHANNEL,36431,,,,,,,
missing_factor,ALL,SEEPAGE_PRESENT,36431,,,,,,,
missing_factor,ALL,AVAILABLE_TOE_SPACE,36431,,,,,,,
missing_factor,ALL,REL_POS_MEAN,33313,,,,,,,
missing_factor,ALL,SOURCE_S_P90_MAX,32767,,,,,,,
missing_factor,ALL,HIGH_PCT,14748,,,,,,,
missing_factor,ALL,ASP_CONC,14572,,,,,,,
missing_factor,ALL,CURV_MEAN,14572,,,,,,,
